S,delta_call,delta_put,gamma,vega,theta_call,theta_put,rho_call,rho_put
50.0,0.0009174326039451515,-0.9990825673960548,0.0003110898644849087,0.15554493224245433,-0.017728103856442825,4.738419018647128,0.04347221264394784,-95.07947023742746
50.50251256281407,0.001085676578798928,-0.9989143234212011,0.00035946607767830125,0.18336391763189122,-0.020932776841621405,4.73521434566195,0.051927701568645596,-95.07101474850276
51.00502512562814,0.001279694653879722,-0.9987203053461203,0.00041375072345807784,0.2152755430795173,-0.024616353920808406,4.731530768582762,0.06177599225713349,-95.06116645781427
51.50753768844221,0.0015025774942827785,-0.9984974225057173,0.0004744298642844361,0.2517349946535874,-0.02883357019320197,4.727313552310369,0.07320141455686463,-95.04974103551454
52.01005025125628,0.0017576629198950344,-0.998242337080105,0.0005420006377223434,0.2932272584753503,-0.03364301336136044,4.722504109142211,0.08640575027650824,-95.0365366997949
52.51256281407035,0.002048540728587793,-0.9979514592714122,0.0006169682544145223,0.34026653772733956,-0.039107102871867555,4.717040019631703,0.10160898198267194,-95.02133346808873
53.015075376884425,0.0023790559401558695,-0.9976209440598441,0.0006998427185204527,0.39339533940113985,-0.04529203246920947,4.710855090034361,0.11904997058190969,-95.0038924794895
53.517587939698494,0.0027533103277125165,-0.9972466896722875,0.0007911352959443517,0.4531832181220083,-0.05226767430355442,4.703879448200016,0.13898704982707177,-94.98395540024434
54.02010050251256,0.0031756621170800697,-0.9968243378829199,0.0008913547600162997,0.5202251683259698,-0.060107443140694314,4.696039679362876,0.16169852616194672,-94.96124392390946
54.52261306532663,0.0036507237506320836,-0.9963492762493679,0.00100100344823382,0.595139660284871,-0.068888119666576,4.687259002836994,0.18748307276177803,-94.93545937730963
55.0251256281407,0.004183357629824281,-0.9958166423701758,0.0011205731671445726,0.6785663199088513,-0.07868963235273843,4.6774574901508315,0.216660007237066,-94.90628244283434
55.527638190954775,0.004778669770048279,-0.9952213302299517,0.0012505409853935763,0.7711632568319949,-0.08959479784513016,4.66655232465844,0.2495694432386133,-94.8733730068328
56.030150753768844,0.005442001322172535,-0.9945579986778275,0.001391364957320551,0.8736040499304775,-0.1016890203492826,4.654458102154288,0.2865723071246966,-94.8363701429467
56.53266331658291,0.006178917936899436,-0.9938210820631006,0.0015434798212373168,0.9865744040572102,-0.11505995100150651,4.641087171502064,0.32805021191570966,-94.7948922381557
57.03517587939699,0.006995196970547165,-0.9930048030294528,0.0017072927176166313,1.1107684963267015,-0.12979710873037686,4.626350013773194,0.374405181954134,-94.74853726811727
57.537688442211056,0.007896812553733598,-0.9921031874462664,0.0018831789728698967,1.2468850346742542,-0.14599146461707052,4.610155657886501,0.4260592229929021,-94.6968832270785
58.040201005025125,0.008889918567368971,-0.991110081432631,0.002071477994182596,1.3956230555740703,-0.16373499224919727,4.592412130254373,0.48345373383580464,-94.6394887162356
58.54271356783919,0.009980829593022955,-0.9900191704069771,0.0022724893200240953,1.5576774916642018,-0.18312018702295146,4.573026935480619,0.5470487571306253,-94.57589369294078
59.04522613065326,0.011175999926810865,-0.9888240000731892,0.002486468869477737,1.733734543533093,-0.2042395577757921,4.551907564727778,0.6173220684496561,-94.50562038162174
59.54773869346734,0.012482000767128883,-0.9875179992328711,0.002713625431479624,1.924466893017588,-0.22718509451985922,4.52896202798371,0.694768104362008,-94.4281743457094
60.050251256281406,0.013905495706586673,-0.9860945042934133,0.0029541174324552322,2.1305287980010013,-0.25204771638946216,4.504099406114108,0.7798967317872403,-94.34304571828416
60.552763819095475,0.015453214677068007,-0.9845467853229319,0.0032080500177512354,2.3525511108432804,-0.27891670420926906,4.477230418294302,0.8732318624988201,-94.2497105875726
61.05527638190955,0.01713192651376969,-0.9828680734862303,0.0034754724787346503,2.591136264195379,-0.3078791223294639,4.448268000174107,0.9753099181985203,-94.14763253187289
61.55778894472362,0.01894841031912001,-0.98105158968088,0.003756376053534761,2.8468532690263384,-0.33901923455707744,4.417127887946493,1.0866781530888716,-94.03626429698254
62.06030150753769,0.020909425820491583,-0.9790905741795084,0.004050692125202319,3.120232770213735,-0.3724179191369449,4.3837292033666255,1.2078928423114261,-93.91504960775998
62.562814070351756,0.023021682926464847,-0.9769783170735351,0.004358290836624591,3.411762205014535,-0.4081520878002598,4.3479950347033105,1.339517345976125,-93.78342510409527
63.065326633165824,0.025291810694964605,-0.9747081893050354,0.00467898013693363,3.721881109150724,-0.4462941139033373,4.309853008600234,1.4821200597652966,-93.64082239030611
63.5678391959799,0.02772632593282239,-0.9722736740671776,0.0050125052694496375,4.050976614128454,-0.4869112746248744,4.269235847878695,1.6362722642405791,-93.48667018583082
64.07035175879398,0.030331601650173675,-0.9696683983498263,0.005358548706478442,4.399379177782894,-0.5300652120782587,4.226081910425312,1.8025458859993881,-93.32039656407201
64.57286432160804,0.033113835594596075,-0.9668861644054039,0.0057167305315999305,4.767358587935201,-0.5758114180289969,4.180335704474573,1.9815111847095372,-93.14143126536187
65.07537688442211,0.03607901908905516,-0.9639209809109448,0.006086609265502636,5.155120276497846,-0.6241987466891501,4.13194837581442,2.1737343807873093,-92.9492080692841
65.57788944723617,0.0392329063946236,-0.9607670936053764,0.006467683126998595,5.56280197841306,-0.675268959794794,4.0808781627087765,2.379775239069758,-92.74316721100165
66.08040201005025,0.0425809848136715,-0.9574190151863285,0.006859391716643784,5.990470766502536,-0.7290563078633724,4.027090814640198,2.6001846242623743,-92.52275782580904
66.58291457286433,0.04612844574189641,-0.9538715542581035,0.007261118106439397,6.438120489693527,-0.7855871511801433,3.9705599713234268,2.8355020442158128,-92.28744040585559
67.08542713567839,0.0498801568683349,-0.9501198431316651,0.0076721913154407205,6.905669638221933,-0.8448796236822699,3.9112674988213003,3.086253197201532,-92.03668925286986
67.58793969849246,0.053840635711506206,-0.9461593642884938,0.0080918891477853,7.392959655348251,-0.906943342500653,3.849203780002917,3.352947539316559,-91.76999491075485
68.09045226130652,0.058014024667281096,-0.9419859753327189,0.008519441366700575,7.899753710914584,-0.97177916548933,3.7843679570142403,3.636075887957431,-91.48686656211397
68.5929648241206,0.06240406773012272,-0.9375959322698773,0.008954033175483713,8.425735947774369,-1.039378998625833,3.7167681238777375,3.9361080769679253,-91.18683437310348
69.09547738693468,0.06701408903420326,-0.9329859109657967,0.00939480897427666,8.970511207793649,-1.1097256547089223,3.646421467794648,4.253490678591145,-90.86945177148026
69.59798994974875,0.07184697334477741,-0.9281530266552226,0.009840876359698408,9.53360523980833,-1.1827927643185283,3.5733543581850418,4.5886448067539085,-90.53429764331749
70.10050251256281,0.07690514861328529,-0.9230948513867148,0.010291310333044259,10.114465387673267,-1.2585447395417662,3.497602382961804,4.941964015488789,-90.18097843458261
70.60301507537687,0.08219057069216729,-0.9178094293078327,0.010745157681816253,10.71246175240389,-1.3369367905137859,3.4192103319897846,5.313812305467936,-89.80913014460347
71.10552763819095,0.08770471028751864,-0.9122952897124814,0.01120144149880228,11.326888818433572,-1.4179149943781244,3.338232128125446,5.7045222506953435,-89.41842019937606
71.60804020100502,0.09344854220966975,-0.9065514577903302,0.011659165802758923,11.956967530227692,-1.5014164158423453,3.254730706661225,6.114393256391521,-89.00854919367988
72.1105527638191,0.09942253696375392,-0.9005774630362461,0.012117320224958964,12.601847801944965,-1.5873692780955397,3.16877784440803,6.543689958020865,-88.57925249205054
72.61306532663316,0.10562665470449156,-0.8943733452955085,0.012574884726416945,13.26061143954786,-1.6756931824682533,3.0804539400353166,6.992640770269344,-88.13030167980206
73.11557788944724,0.11206034156193873,-0.8879396584380612,0.013030834311480975,13.932275451762841,-1.766299374855881,2.9898477476476897,7.461436593591937,-87.66150585647947
73.6180904522613,0.11872252832799501,-0.881277471672005,0.013484143704650012,14.615795723599136,-1.8590910565963579,2.897056065907212,7.9502296847288845,-87.17271276534251
74.12060301507537,0.12561163147716148,-0.8743883685228385,0.013933791958914372,15.31007102376863,-1.953963737194352,2.8021833853092186,8.459132696349775,-86.66380975372164
74.62311557788945,0.13272555647951528,-0.8672744435204847,0.014378766965591873,16.013947315318976,-2.0508056260187355,2.705341496484835,8.988217889736756,-86.13472456033465
75.12562814070351,0.14006170334924894,-0.859938296650751,0.014818069837514039,16.72622233710755,-2.149498059869534,2.6066490626340366,9.537516523175576,-85.58542592689582
75.62814070351759,0.14761697435848892,-0.852383025641511,0.015250719139472546,17.445650422405397,-2.2499159631153662,2.5062311593882036,10.107018417496528,-85.01592403257487
76.13065326633165,0.15538778383353608,-0.844612216166464,0.015675754942034582,18.17094751992693,-2.3519283369429935,2.4042187855605768,10.696671699006014,-84.42627075106539
76.63316582914572,0.163370069939255,-0.8366299300607449,0.016092242677147435,18.900796381930252,-2.455398774137334,2.300748348366236,11.306382718886173,-83.81655973118524
77.1356783919598,0.17155930834708066,-0.8284406916529193,0.016499276776344413,19.633851883711078,-2.560185995722099,2.195961126781471,11.936016147019824,-83.18692630305158
77.63819095477388,0.17995052767308956,-0.8200494723269105,0.016895984074809477,20.36874643881321,-2.6661444057379313,2.0900027167656394,12.585395237132198,-82.5375472129392
78.14070351758794,0.18853832656478808,-0.8114616734352119,0.0172815269670273,21.10409547458205,-2.7731246604149025,1.9830224620886683,13.254302259133944,-81.86864019093747
78.643216080402,0.19731689230871424,-0.8026831076912857,0.017655106302213536,21.838502933278924,-2.880974248008396,1.8751728744951746,13.942479093610068,-81.18046335646135
79.14572864321607,0.20628002082563623,-0.7937199791743638,0.01801596401016201,22.570566764833277,-2.9895380756098113,1.7666090468937594,14.649627982529664,-80.47331446754174
79.64824120603015,0.21542113791603013,-0.7845788620839699,0.01836338545053981,23.298884378415888,-3.098659059314451,1.6574880631891187,15.375412429457251,-79.74753002061415
80.15075376884423,0.2247333216156026,-0.7752666783843973,0.01869670148098688,24.022058021346762,-3.20817871422623,1.54796840827734,16.11945824183107,-79.00348420824034
80.65326633165829,0.23420932551885743,-0.7657906744811426,0.019015290241615603,24.738700055381347,-3.3179377409000077,1.438209381603563,16.881354707237453,-78.24158774283396
81.15577889447236,0.2438416029280424,-0.7561583970719576,0.0193185786556437,25.447438102126856,-3.427776604965608,1.3283705175379619,17.660655895058447,-77.46228655501295
81.65829145728642,0.253622331685183,-0.746377668314817,0.01960604364791435,26.146920031198114,-3.5375361068396645,1.2186110156639058,18.456882074397054,-76.66606037567435
82.1608040201005,0.2635434395462848,-0.7364565604537152,0.019877213084952675,26.835818766709227,-3.6470579386108053,1.109089183892765,19.269521238797655,-75.85342121127375
82.66331658291458,0.2735966299590544,-0.7264033700409456,0.020131666441964794,27.512836889784495,-3.756185225376929,0.9999618971266409,20.09803072796959,-75.0249117221018
83.16582914572864,0.2837734081086287,-0.7162265918913713,0.020369035203801383,28.17671101694002,-3.8647630485187614,0.8913840739848089,20.94183893649519,-74.18110351357622
83.66834170854271,0.2940651070996987,-0.7059348929003013,0.02058900300837295,28.82621593640903,-3.9726389486084805,0.7835081738950893,21.800347099351548,-73.32259535071985
84.17085427135677,0.3044629141480145,-0.6955370858519855,0.020791305542318984,29.460168486739573,-4.079663405873884,0.676483716629686,22.672931143998532,-72.45001130607288
84.67336683417085,0.3149578966594939,-0.6850421033405061,0.02097573019989439,30.077431164261082,-4.18569029636515,0.57045682613842,23.55894359878084,-71.56399885129056
85.17587939698493,0.3255410280809058,-0.6744589719190942,0.021142115517044386,30.676915448274762,-4.290577322200071,0.46556980030349937,24.457715547451894,-70.66522690261951
85.678391959799,0.3362032134123567,-0.6637967865876433,0.021290350393496322,31.257584835056516,-4.39418641449333,0.3619607080102414,25.36855861975355,-69.75438383031786
86.18090452261306,0.3469353142784273,-0.6530646857215727,0.02142037311640504,31.81845757394935,-4.496384107803342,0.25976301470022856,26.290767008168128,-68.83217544190327
86.68341708542712,0.3577281734617612,-0.6422718265382388,0.021532170199652582,32.358609100952606,-4.597041885155173,0.1591052373483981,27.22361950119824,-67.89932294887318
87.1859296482412,0.36857263881010194,-0.6314273611898981,0.021625775053328414,32.87717416727129,-4.696036492917922,0.06011062958564839,28.166381523815847,-66.95656092625556
87.68844221105527,0.37945958643515726,-0.6205404135648427,0.02170126649820865,33.37334866225994,-4.793250225028777,-0.037103102525206655,29.11830717605566,-66.00463527401575
88.19095477386935,0.39037994312916263,-0.6096200568708374,0.021758767140219508,33.8463911320697,-4.8885711762619,-0.13242405375832966,30.0786412610986,-65.04430118897281
88.69346733668341,0.4013247079325592,-0.5986752920674407,0.021798441619918257,34.29562399707576,-4.981893464437508,-0.22574634193393806,31.046621294598644,-64.07632115547275
89.19597989949749,0.4122849727937507,-0.5877150272062492,0.021820494751962967,34.72043447281802,-5.073117421653922,-0.31697029915035246,32.02147948744242,-63.101462962628986
89.69849246231155,0.4232519422693799,-0.5767480577306201,0.021825169569378307,35.120275200723405,-5.1621497548019954,-0.4060026322984256,33.002444694593095,-62.120497755478304
90.20100502512562,0.4342169522209638,-0.5657830477790362,0.021812745287167434,35.494664596290825,-5.2489036757867495,-0.49275655328317924,33.98874432315334,-61.134198126918065
90.7035175879397,0.44517148747092916,-0.5548285125290708,0.02178353519947819,35.84318692370392,-5.333299002034331,-0.5771518795307613,34.97960619327879,-60.143336256792615
91.20603015075376,0.45610719838815444,-0.5438928016118456,0.021737884524114567,36.16549210699291,-5.415262228003585,-0.6591151055000144,35.97426034608588,-59.14868210398553
91.70854271356784,0.4670159163799186,-0.5329840836200814,0.02167616820770004,36.461295288892174,-5.494726568549909,-0.7385794460463395,36.97194079321385,-58.15100165685756
92.2110552763819,0.4778896682737116,-0.5221103317262884,0.021598788704257223,36.73037614943689,-5.571631975104827,-0.8154848526012568,37.97188720322274,-57.15105524684866
92.71356783919597,0.48872068957864123,-0.5112793104213588,0.021506173739375765,36.97257799711048,-5.645925125737604,-0.8897780032340337,38.97334652053112,-56.14959592954028
93.21608040201005,0.49950143662210944,-0.5004985633778906,0.02139877407150706,37.18780664599761,-5.717559390255433,-0.9614122677518631,39.975574513113436,-55.14736793695796
93.71859296482413,0.5102245975630829,-0.4897754024369171,0.021277061261256693,37.376029092919154,-5.786494771576418,-1.0303476490728483,40.977837245690054,-54.145105204381345
94.22110552763819,0.5208831022885593,-0.4791168977114407,0.021141525458852218,37.537272008927715,-5.852697824674932,-1.0965507021713612,41.9794124756432,-53.14352997442821
94.72361809045225,0.531470131204772,-0.46852986879522796,0.0209926732192509,37.67162005983322,-5.916141554452441,-1.1599944319488702,42.97959096938238,-52.14335148068903
95.22613065326632,0.5419791229392493,-0.4580208770607507,0.020831025353627346,37.77921407060914,-5.9768052939287895,-1.2206581714252192,43.977677737357496,-51.14526471271391
95.7286432160804,0.5524037809740499,-0.44759621902595015,0.02065711482524956,37.860249048610534,-6.03467456417987,-1.2785274416763,44.972993186376335,-50.14994926369506
96.23115577889448,0.562738079234345,-0.43726192076565495,0.020471484697020176,37.91497208051808,-6.089740917468002,-1.3335937949644316,45.96487418832387,-49.15806826174754
96.73366834170854,0.5729762666599791,-0.42702373334002086,0.02027468613723308,37.943680117817394,-6.142001765021725,-1.3858546425181544,46.9526750647997,-48.1702673852717
97.23618090452261,0.5831128707907633,-0.41688712920923665,0.020067276489378203,37.94671766543376,-6.191460190922886,-1.4353130684193158,47.935768487590195,-47.187173962481204
97.73869346733667,0.5931427003989995,-0.4068572996010005,0.0198498174111242,37.92447438787815,-6.238124753551178,-1.481977631047608,48.91354629526727,-46.20939615480414
98.24120603015075,0.6030608472051504,-0.3969391527948496,0.01962287308692302,37.87738264692657,-6.282009276020689,-1.5258621535171186,49.88542022656064,-45.237522223510766
98.74371859296483,0.6128626867146196,-0.38713731328538037,0.019387008518016436,37.80591498445899,-6.3231326270198185,-1.5669855045162482,50.85082257147839,-44.27211987859302
99.24623115577889,0.622543878215359,-0.37745612178464105,0.019142787892983952,37.710581563632495,-6.36151849343614,-1.6053713709325703,51.809206741457814,-43.313735708613585
99.74874371859296,0.6321003639774337,-0.36789963602256626,0.018890773041358132,37.591927581063786,-6.39719514611182,-1.6410480236082496,52.76004776010883,-42.36289468996258
100.25125628140702,0.6415283676967981,-0.3584716323032019,0.01863152197224829,37.45053066215373,-6.430195200033821,-1.6740480775302506,53.70284267636895,-41.42009977370245
100.7537688442211,0.650824392226372,-0.349175607773628,0.018365587499358644,37.28699825110943,-6.460555370217053,-1.704408247713482,54.63711090212218,-40.485831547949225
101.25628140703517,0.6599852166380716,-0.34001478336192836,0.018093515953264163,37.10196500661195,-6.488316224488278,-1.732169101984708,55.56239447654166,-39.56054797352974
101.75879396984925,0.669007892659751,-0.330992107340249,0.017815845981316733,36.89609021344761,-6.5135219343248245,-1.7573748118212542,56.47825825960127,-38.64468419047014
102.26130653266331,0.6778897405310944,-0.3221102594689056,0.0175331074350969,36.6700552197718,-6.536220024845361,-1.7800729023417903,57.38429005736362,-37.73865239270779
102.76381909547737,0.6866283443223359,-0.3133716556776641,0.017245820344902976,36.424560909013834,-6.556461124990923,-1.8003140024873525,58.280100681790785,-36.842841768280614
103.26633165829145,0.6952215467593337,-0.3047784532406663,0.016954493980379046,36.160325214762366,-6.574298718873331,-1.8181515963697603,59.16532394794187,-35.957618502129534
103.76884422110552,0.7036674435979886,-0.2963325564020114,0.016659625996026786,35.8780806862995,-6.589788899205905,-1.833641776702334,60.03961661151909,-35.08332583855232
104.2713567839196,0.711964377590271,-0.288035622409729,0.016361701660022484,35.57857211178219,-6.602990123668228,-1.8468430011646573,60.902658249800176,-34.22028420027123
104.77386934673366,0.7201109320832665,-0.2798890679167335,0.016061193164469387,35.26255420540412,-6.613962974993115,-1.8578158524895438,61.754151089054034,-33.36879136101737
105.27638190954774,0.728105924291636,-0.271894075708364,0.01575855901495602,34.93078936421674,-6.622769925500439,-1.8666228029968681,62.59381978157528,-32.52912266849613
105.7788944723618,0.7359483982827544,-0.2640516017172456,0.015454243497062385,34.584045499644375,-6.629475106739284,-1.8733279842357138,63.421411135496925,-31.701531314574478
106.28140703517587,0.7436376177125663,-0.2563623822874337,0.015148676217256503,34.22309394810091,-6.634144084837481,-1.8779969623339108,64.2366938005478,-30.88624864952361
106.78391959798995,0.7511730583488587,-0.24882694165114128,0.014842271715453444,33.84870746450567,-6.636843642096201,-1.8806965195926313,65.03945791291268,-30.08348453715872
107.28643216080401,0.7585544004172483,-0.2414455995827517,0.014535429146365,33.46165830190631,-6.637641565307257,-1.8814944428036866,65.82951470233252,-29.293427747738896
107.78894472361809,0.7657815208037009,-0.23421847919629912,0.01422853202665087,33.06271637984966,-6.636606441212296,-1.880459318708726,66.6066960645466,-28.51624638552481
108.29145728643215,0.7728544851458814,-0.2271455148541186,0.013921948044788857,32.652647543597666,-6.633807459466446,-1.8776603369628762,67.37085410213359,-27.752088347937814
108.79396984924622,0.7797735398440627,-0.22022646015593728,0.013616028930511096,32.23221191576721,-6.629314223414298,-1.8731671009107274,68.12186063675152,-27.001081813319878
109.2964824120603,0.7865391040207173,-0.21346089597928275,0.013311110380605222,31.802162341481573,-6.623196568933659,-1.86704944643009,68.85960669571006,-26.26333575436135
109.79899497487438,0.793151761456314,-0.20684823854368595,0.013007512037850081,31.36324292765577,-6.61552439155233,-1.8593772690487593,69.58400197573505,-25.53894047433636
110.30150753768844,0.7996122525271965,-0.20038774747280352,0.012705537519846176,30.916187676602544,-6.606367481995334,-1.8502203594917639,70.29497428670159,-24.827968163369814
110.8040201005025,0.8059214661698135,-0.19407853383018647,0.012405474494507556,30.46171921373606,-6.595795370274834,-1.8396482477712635,70.99246897802456,-24.130473472046848
111.30653266331657,0.8120804318939323,-0.1879195681060677,0.012107594799005134,30.000547608771978,-6.5838771783921795,-1.8277300558886096,71.67644835029962,-23.446494099771773
111.80904522613065,0.8180903118658754,-0.18190968813412456,0.011812154598988015,29.533369289469984,-6.570681481681471,-1.8145343591779008,72.34689105468945,-22.776051395381955
112.31155778894473,0.8239523930812349,-0.1760476069187651,0.011519394584959312,29.060866046641948,-6.556276178786501,-1.80012905628293,73.00379148244612,-22.1191509676253
112.81407035175879,0.8296680796449574,-0.17033192035504263,0.01122954020274461,28.583704128854272,-6.540728370228116,-1.7845812477245462,73.64715914685378,-21.475783303217625
113.31658291457286,0.8352388851751845,-0.16476111482481548,0.010942801915062366,28.102533424984227,-6.524104245486803,-1.7679571229832327,74.2770180597676,-20.845924390303804
113.81909547738692,0.8406664253457352,-0.1593335746542648,0.010659375491286574,27.61798673255002,-6.5064689784956355,-1.7503218559920657,74.89340610481267,-20.22953634525873
114.321608040201,0.8459524105806923,-0.15404758941930774,0.010379442322579854,27.130679109518624,-6.4878866314116905,-1.7317395089081205,75.49637440919656,-19.62656804087484
114.82412060301507,0.8510986389131447,-0.14890136108685526,0.010103169759670762,26.641207307106882,-6.46842006650944,-1.71227294400587,76.08598671597504,-19.03695573409637
115.32663316582914,0.8561069890188079,-0.14389301098119212,0.009830711470649222,26.150149280925337,-6.448130866017488,-1.6919837435139171,76.66231875849907,-18.460623691572334
115.82914572864321,0.860979413433939,-0.13902058656606098,0.009562207816259336,25.658063777672915,-6.427079259700276,-1.670932137196706,77.2254576386597,-17.897484811411708
116.33165829145727,0.8657179319657312,-0.1342820680342688,0.0092977862402779,25.165489994471514,-6.405324059968917,-1.6491769374653464,77.77550121043531,-17.3474412396361
116.83417085427135,0.8703246253021832,-0.12967537469781676,0.009037561672678182,24.672947307831116,-6.382922604290027,-1.6267754817864564,78.3125574701383,-16.810384979933108
117.33668341708542,0.8748016288273173,-0.12519837117268273,0.008781636943392393,24.180935069158654,-6.359930704648325,-1.6037835821447546,78.8367439546492,-16.28619849542222
117.83919597989949,0.8791511266465435,-0.12084887335345651,0.008530103204600731,23.68993246366482,-6.336402603807598,-1.580255481304028,79.34818714882232,-15.77475530124908
118.34170854271356,0.8833753458259617,-0.11662465417403833,0.008283040359590318,23.200398429482533,-6.3123909381054455,-1.5562438156018752,79.84702190314384,-15.275920546927567
118.84422110552764,0.8874765508484308,-0.1125234491515692,0.008040517496342369,22.712771633786797,-6.287946706509816,-1.531799584006246,80.33339086262272,-14.789551587448683
119.3467336683417,0.8914570382883465,-0.10854296171165345,0.007802593324120226,22.22747050269723,-6.263119245659709,-1.5069721231561388,80.80744390779972,-14.315498542271685
119.84924623115577,0.8953191317062237,-0.10468086829377632,0.0075693166114439514,21.744893301750345,-6.2379562106082584,-1.4818090881046886,81.26933760866449,-13.853604841406925
120.35175879396985,0.899065176763397,-0.10093482323660297,0.007340726623948867,21.265418263749048,-6.212503560983966,-1.4563564384803955,81.71923469218122,-13.403707757890187
120.85427135678391,0.9026975365564287,-0.0973024634435713,0.00711685356073424,20.78940376082718,-6.186805552284585,-1.430658429781015,82.15730352403735,-12.965638926034064
121.35678391959799,0.9062185871701354,-0.09378141282986463,0.006897718987915572,20.31718851761112,-6.160904732018366,-1.404757609514796,82.58371760514508,-12.539224844926329
121.85929648241205,0.9096307134475285,-0.09036928655247145,0.006683336268197598,19.849091862412312,-6.134841940408647,-1.3786948179050769,82.99865508334831,-12.124287366723088
122.36180904522612,0.9129363049743923,-0.08706369502560773,0.006473710985386039,19.3854140134469,-6.10865631538022,-1.3525091928766497,83.4022982807106,-11.72064416936081
122.8643216080402,0.916137752275702,-0.08386224772429796,0.006268841362853983,18.926436397149153,-6.082385301549335,-1.3262381790457651,83.7948332366884,-11.328109213383005
123.36683417085426,0.9192374432206252,-0.08076255677937483,0.006068718675072397,18.472421995721426,-6.056064662943491,-1.2999175404399208,84.17644926742697,-10.946493182644437
123.86934673366834,0.9222377596324031,-0.07776224036759694,0.005873327651405102,18.023615721147934,-6.02972849918234,-1.2735813766787696,84.54733854135094,-10.575603908720476
124.3718592964824,0.9251410740990549,-0.07485892590094512,0.0056826468714549095,17.580244812987537,-6.003409264856871,-1.2472621423533008,84.90769567116234,-10.215246778909059
124.87437185929647,0.9279497469804896,-0.0720502530195104,0.005496649151330338,17.14251925735405,-5.97713779185054,-1.2209906693469703,85.25771732230271,-9.865225127768692
125.37688442211055,0.9306661236073229,-0.06933387639267707,0.005315301920281344,16.710632224589972,-5.9509433143530925,-1.1947961918495222,85.59760183788191,-9.525340612189499
125.87939698492461,0.9332925316664388,-0.06670746833356123,0.005138567587227002,16.284760523238866,-5.92485349632535,-1.16870637382178,85.92754888002928,-9.19539357004213
126.38190954773869,0.935831278768108,-0.06416872123189199,0.004966403896769191,15.865065068024498,-5.898894461181218,-1.1427473386776477,86.24775908757537,-8.87518336249604
126.88442211055276,0.9382846501892946,-0.06171534981070537,0.004798764274353029,15.451691359648509,-5.87309082346145,-1.1169437009578793,86.55843374993198,-8.564508700139433
127.38693467336682,0.9406549067876245,-0.059345093212375466,0.004635598160297668,15.044769974323312,-5.8474657222822835,-1.0913185997787138,86.85977449699905,-8.263167953072351
127.8894472361809,0.9429442830803645,-0.05705571691963551,0.004476851332480269,14.644417061063109,-5.822040856350901,-1.0658937338473302,87.15198300489179,-7.970959445179618
128.39195979899498,0.9451549854826677,-0.05484501451733226,0.004322466217510913,14.250734844860828,-5.7968365203485455,-1.0406893978449752,87.43526071724925,-7.687681732822152
128.89447236180905,0.9472891906992745,-0.05271080930072547,0.0041723821902877765,13.863812133984545,-5.771871642491315,-1.0157245199877454,87.70980858185722,-7.413133868214183
129.3969849246231,0.949349044263808,-0.05065095573619205,0.0040265358618695206,13.483724829730857,-5.747163823087639,-0.9910167005840695,87.97582680229108,-7.147115647780327
129.89949748743717,0.951336659219789,-0.04866334078021095,0.0038848613556461994,13.110536437076298,-5.722729373920736,-0.9665822514171665,88.23351460426214,-6.889427845809269
130.40201005025125,0.9532541149374957,-0.04674588506250432,0.0037472905718304995,12.744298574768758,-5.698583358293359,-0.9424362357897882,88.48307001632966,-6.639872433741751
130.90452261306532,0.9551034560608082,-0.044896543939191846,0.0036137534403286433,12.385051483501012,-5.674739631581262,-0.9185925090776915,88.72468966462321,-6.398252785448196
131.4070351758794,0.9568866915782247,-0.0431133084217753,0.003484178162084362,12.032824530905451,-5.651210882150763,-0.8950637596471926,88.95856858120435,-6.1643738688670515
131.90954773869345,0.9586057940122855,-0.04139420598771448,0.003358491439020455,11.687636712204398,-5.628008672504599,-0.8718615500010292,89.18490002568319,-5.938042424388214
132.41206030150752,0.9602626987217106,-0.03973730127828945,0.0032366186927305085,11.349497145442681,-5.605143480528999,-0.8489963580254288,89.40387531969462,-5.7190671303767875
132.9145728643216,0.9618593033106436,-0.03814069668935638,0.003118484272098628,11.018405560318579,-5.582624740723353,-0.8264776182197827,89.61568369382991,-5.5072587562415025
133.41708542713567,0.9633974671394873,-0.03660253286051274,0.0030040116500475982,10.694352779716054,-5.560460885302211,-0.8043137627986406,89.8205121466121,-5.302430303459295
133.91959798994975,0.9648790109319206,-0.03512098906807937,0.0028931236096358427,10.377321193124377,-5.538659385067383,-0.7825122625638137,90.01854531509893,-5.104397134972483
134.4221105527638,0.9663057164728063,-0.033694283527193725,0.00278574241974121,10.067285221211936,-5.517226789955819,-0.7610796674522488,90.2099653566925,-4.912977093378898
134.9246231155779,0.9676793263918171,-0.032320673608182915,0.0026817900005848484,9.76421177089786,-5.496168769176501,-0.7400216466729304,90.3949518417343,-4.727990608337116
135.42713567839195,0.9690015440277431,-0.030998455972256922,0.002581188079361571,9.468060680338917,-5.475490150856988,-0.7193430283534177,90.57368165646191,-4.549260793609483
135.92964824120602,0.9702740333685775,-0.029725966631422462,0.0024838583362541203,9.178785153319263,-5.455194961127259,-0.6990478386236892,90.74632891590666,-4.3766135341647425
136.4321608040201,0.9714984190626204,-0.028501580937379645,0.002389722541118117,8.896332182598114,-5.435286462575373,-0.6791393400718024,90.91306488631123,-4.20987756376018
136.93467336683415,0.972676286495984,-0.027323713504015967,0.0022987026811317457,8.620642961833749,-5.415767192015951,-0.6596200695123815,91.07405791665154,-4.048884533419867
137.43718592964825,0.9738091819320395,-0.02619081806796053,0.002210721079709956,8.351653285762183,-5.39663899751873,-0.6404918750151591,91.22947337885022,-3.8934690712211824
137.9396984924623,0.9748986127084841,-0.025101387291515898,0.0021257005069874628,8.089293938366811,-5.377903074650396,-0.621755952146825,91.37947361627428,-3.7434688337971225
138.44221105527637,0.9759460474878775,-0.0240539525121225,0.002043564282177198,7.833491068827548,-5.359560001888575,-0.6034128793850051,91.52421790011641,-3.5987245499549956
138.94472361809045,0.9769529165576342,-0.023047083442365834,0.0019642363681128573,7.584166555089832,-5.34160977517224,-0.5854626526686695,91.66386239326513,-3.4590800568062754
139.4472361809045,0.9779206121756276,-0.022079387824372354,0.0018876414582841069,7.3412383549400495,-5.3240518415578695,-0.5679047190542987,91.79856012127729,-3.324382328794125
139.9497487437186,0.9788504889577091,-0.021149511042290903,0.0018137050566723724,7.104620844518408,-5.306885131955549,-0.5507380094519786,91.92846095007415,-3.1944814999972437
140.45226130653265,0.9797438643035979,-0.020256135696402056,0.0017423535506934176,6.874225144241683,-5.290108092923724,-0.5339609704201531,92.05371156999111,-3.0692308800803048
140.95477386934672,0.9806020188577611,-0.019397981142238896,0.00167351427754996,6.649959432145665,-5.273718717505555,-0.5175715950019848,92.17445548581978,-2.948486964251636
141.4572864321608,0.9814261970020404,-0.018573802997959632,0.001607115584294332,6.431729244693192,-5.2577145750939,-0.5015674525903291,92.2908330124916,-2.8321094375798013
141.95979899497485,0.9822176073769447,-0.017782392623055254,0.0015430868818967342,6.219437765125689,-5.242092840315606,-0.48594571781203577,92.40298127606074,-2.719961174010664
142.46231155778895,0.9829774234286673,-0.01702257657133266,0.00148135869360974,6.0129860994659445,-5.226850320929347,-0.4707031984257768,92.51103421965506,-2.6119082304163523
142.964824120603,0.9837067839790323,-0.01629321602096767,0.0014218626979143445,5.812273540307643,-5.211983484734456,-0.45583636223088664,92.61512261407385,-2.507819835997553
143.46733668341707,0.9844067938157208,-0.015593206184279174,0.0013645317663265803,5.617197818551104,-5.197488485491201,-0.4413413629876307,92.71537407272181,-2.4075683773495937
143.96984924623115,0.9850785243002603,-0.014921475699739672,0.0013092999963375824,5.427655343268126,-5.1833611878557475,-0.42721406535217715,92.8119130705787,-2.3110293794927093
144.47236180904522,0.9857230139913998,-0.014276986008600168,0.0012561027397528905,5.243541429898228,-5.169597191335603,-0.4134500688320333,92.90486096691562,-2.2180814831557893
144.9748743718593,0.9863412692816254,-0.013658730718374645,0.0012048766266897762,5.064750516997052,-5.156191853273656,-0.40004473077008584,92.99433603147901,-2.1286064185923887
145.47738693467335,0.9869342650446951,-0.013065734955304942,0.001155559585483889,4.891176371773494,-5.143140310871068,-0.38699318836749874,93.08045347387439,-2.042488976197015
145.97989949748742,0.9875029452922011,-0.012497054707798938,0.0011080908587489343,4.72271228466641,-5.130437502261255,-0.3742903797576847,93.16332547589228,-1.959616974179127
146.4824120603015,0.9880482238372856,-0.011951776162714367,0.0010624110158252078,4.55925125322358,-5.118078186648855,-0.361931064145284,93.24306122652993,-1.8798812235414797
146.98492462311557,0.9885709849637521,-0.011429015036247936,0.0010184619618449884,4.400686155556692,-5.10605696352928,-0.3499098410257103,93.31976695947223,-1.8031754905991775
147.48743718592965,0.9890720840989283,-0.010927915901071672,0.0009761869436346379,4.246909913654245,-5.094368291005736,-0.33822116850216605,93.39354599280624,-1.7293964572651699
147.9899497487437,0.9895523484887455,-0.010447651511254485,0.0009355305526653121,4.097815646842285,-5.0830065032219025,-0.32685938071833237,93.46449877075348,-1.658443679317924
148.49246231155777,0.9900125778736005,-0.00998742212639947,0.0008964387252560112,3.953296815688301,-5.071965826929565,-0.31581870442599497,93.5327229072147,-1.5902195428567019
148.99497487437185,0.9904535451636722,-0.009546454836327767,0.0008588587402246859,3.81324735664845,-5.061240397211406,-0.30509327470783587,93.59831323093123,-1.5246292191401827
149.49748743718592,0.9908759971124546,-0.009124002887545446,0.0008227392141750172,3.6775618077612995,-5.050824272379986,-0.2946771498764156,93.66136183207712,-1.4615806179942876
150.0,0.9912806549873657,-0.008719345012634272,0.0007880300945985995,3.546135425693697,-5.040711448074653,-0.2845643255710825,93.72195811010566,-1.400984339965744
